Model,Accuracy,Precision (Fake),Recall (Fake),F1-Score (Fake)
BiLSTM (Description Only),0.9762304250559284,0.8859649122807017,0.5838150289017341,0.7038327526132404
XGBoost,0.970917225950783,0.7284768211920529,0.6358381502890174,0.6790123456790124
SVM + TF-IDF,0.9686800894854586,0.6445497630331753,0.7861271676300579,0.7083333333333334
LightGBM,0.968400447427293,0.6612903225806451,0.7109826589595376,0.6852367688022284
Random Forest,0.9670022371364653,0.9824561403508771,0.3236994219653179,0.48695652173913045
Gradient Boosting,0.964765100671141,0.873015873015873,0.3179190751445087,0.4661016949152542
CatBoost,0.9614093959731543,0.583732057416268,0.7052023121387283,0.6387434554973822
