Model,Accuracy,Precision (Fake),Recall (Fake),F1-Score (Fake)
BiLSTM (Description Only),0.9748322147651006,0.7985611510791367,0.6416184971098265,0.7115384615384616
XGBoost,0.9728747203579419,0.7567567567567568,0.6473988439306358,0.6978193146417445
LightGBM,0.9725950782997763,0.7218934911242604,0.7052023121387283,0.7134502923976608
SVM + TF-IDF,0.9692393736017897,0.6521739130434783,0.7803468208092486,0.7105263157894737
Random Forest,0.9667225950782998,0.9821428571428571,0.3179190751445087,0.48034934497816595
Gradient Boosting,0.9650447427293065,0.875,0.3236994219653179,0.47257383966244726
CatBoost,0.9586129753914989,0.5576036866359447,0.6994219653179191,0.6205128205128205
